"전철역코드","전철역명","호선","외부코드","전철역_ko","lon","lat","address"
330,"교대","3","340","교대역&language=ko",129.080029,35.19555,"부산광역시 거제1동 교대역"
331,"남부터미널","3","341","남부터미널역&language=ko",127.016274,37.48491,"서울특별시 서초3동 남부터미널역"
332,"양재","3","342","양재역&language=ko",127.034796,37.483665,"서울특별시 양재동 양재역"
333,"매봉","3","343","매봉역&language=ko",127.046918,37.487035,"서울특별시 도곡동 매봉역"
334,"도곡","3","344","도곡역&language=ko",127.055996,37.491206,"서울특별시 대치동 도곡역"
335,"대치","3","345","대치역&language=ko",127.063446,37.494569,"서울특별시 대치동 대치역"
336,"학여울","3","346","학여울역&language=ko",127.070549,37.496683,"서울특별시 대치동 학여울역"
337,"대청","3","347","대청역&language=ko",127.079526,37.493601,"서울특별시 개포동 대청역"
338,"일원","3","348","일원역&language=ko",127.084032,37.483869,"서울특별시 일원본동 일원역"
339,"수서","3","349","수서역&language=ko",127.101118,37.487633,"서울특별시 수서동 수서역"
340,"가락시장","3","350","가락시장역&language=ko",127.118742,37.492467,"서울특별시 가락본동 가락시장역"
341,"경찰병원","3","351","경찰병원역&language=ko",127.12419,37.495694,"서울특별시 가락동 경찰병원역"
342,"오금","3","352","오금역&language=ko",127.128608,37.502478,"서울특별시 오금동 오금역"
409,"당고개","4","409","당고개역&language=ko",127.079011,37.67026,"서울특별시 상계동 당고개역"
410,"상계","4","410","상계역&language=ko",127.073202,37.660566,"서울특별시 중계동 상계역"
411,"노원","4","411","노원역&language=ko",127.060551,37.654527,"서울특별시 상계동 노원역"
413,"쌍문","4","413","쌍문역&language=ko",127.0343875,37.6482236,"서울특별시 창동 쌍문역"
414,"수유","4","414","수유역&language=ko",127.0229077,37.6343884,"대한민국 서울특별시 강북구 수유동 48-1 수유역제네스타워"
415,"미아","4","415","미아역&language=ko",127.026132,37.626394,"서울특별시 미아동 미아역"
416,"미아사거리","4","416","미아사거리역&language=ko",127.030084,37.613251,"서울특별시 미아동 미아사거리역"
417,"길음","4","417","길음역&language=ko",127.024914,37.603185,"서울특별시 길음동 길음역"
419,"한성대입구","4","419","한성대입구역&language=ko",127.005907,37.588374,"서울특별시 성북동 한성대입구역"
420,"혜화","4","420","혜화역&language=ko",127.001892,37.58208,"서울특별시 이화동 혜화역"
421,"동대문","4","421","동대문역&language=ko",127.009241,37.57089,"서울특별시 종로5.6가동 동대문역"
422,"동대문역사문화공원","4","422","동대문역사문화공원역&language=ko",127.0091532,37.5656369,"대한민국 서울특별시 중구 을지로7가 1 동대문역사문화공원역"
423,"충무로","4","423","충무로역&language=ko",126.993672,37.561603,"서울특별시 필동 충무로역"
424,"명동","4","424","명동역&language=ko",126.986464,37.560965,"서울특별시 명동 명동역"
425,"회현","4","425","회현역&language=ko",126.978203,37.558541,"서울특별시 회현동 회현역"
426,"서울","4","426","서울역&language=ko",126.970663,37.554531,"서울특별시 회현동 서울역"
428,"삼각지","4","428","삼각지역&language=ko",126.973948,37.535592,"서울특별시 한강로동 삼각지역"
429,"신용산","4","429","신용산역&language=ko",126.967886,37.529187,"서울특별시 한강로동 신용산역"
430,"이촌","4","430","이촌역&language=ko",126.974394,37.522354,"서울특별시 한강로동 이촌역"
431,"동작","4","431","동작역&language=ko",126.980368,37.502816,"서울특별시 사당2동 동작역"
432,"총신대입구(이수)","4","432","총신대입구(이수)역&language=ko",126.982164,37.486651,"서울특별시 사당2동 총신대입구(이수)역"
434,"남태령","4","434","남태령역&language=ko",126.989097,37.464237,"서울특별시 방배2동 남태령역"
1002,"남영","1","134","남영역&language=ko",126.971171,37.540597,"서울특별시 갈월동 남영역"
1003,"용산","1","135","용산역&language=ko",126.96347,37.529626,"서울특별시 한강로동 용산역"
1004,"노량진","1","136","노량진역&language=ko",126.94167,37.514072,"서울특별시 노량진동 노량진역"
1006,"영등포","1","139","영등포역&language=ko",126.9071288,37.5154133,"대한민국 서울특별시 영등포구 영등포동1가 영등포역"
1007,"신도림","1","140","신도림역&language=ko",126.891336,37.508562,"서울특별시 구로동 신도림역"
1008,"이촌","K","K111","이촌역&language=ko",126.974394,37.522354,"서울특별시 한강로동 이촌역"
1009,"서빙고","K","K112","서빙고역&language=ko",126.988358,37.51961,"서울특별시 서빙고동 서빙고역"
1010,"한남","K","K113","한남역&language=ko",127.008984,37.529361,"서울특별시 한남동 한남역"
1012,"응봉","K","K115","응봉역&language=ko",127.03447,37.54995,"서울특별시 응봉동 응봉역"
1013,"왕십리","K","K116","왕십리역&language=ko",127.03726,37.561982,"서울특별시 행당동 왕십리역"
1016,"외대앞","1","122","외대앞역&language=ko",127.063572,37.596157,"서울특별시 이문동 외대앞역"
1017,"신이문","1","121","신이문역&language=ko",127.067347,37.601829,"서울특별시 이문동 신이문역"
1018,"석계","1","120","석계역&language=ko",127.065594,37.615206,"서울특별시 월계동 석계역"
1020,"월계","1","118","월계역&language=ko",127.058835,37.633114,"서울특별시 월계동 월계역"
1021,"녹천","1","117","녹천역&language=ko",127.051406,37.644599,"서울특별시 창동 녹천역"
1023,"선릉","B","K215","선릉역&language=ko",127.048941,37.504479,"서울특별시 역삼동 선릉역"
150,"서울","1","133","서울역&language=ko",126.970663,37.554531,"서울특별시 회현동 서울역"
151,"시청","1","132","시청역&language=ko",126.9768616,37.5657037,"대한민국 서울특별시 중구 소공동 지하 101 시청역"
152,"종각","1","131","종각역&language=ko",126.983099,37.570169,"서울특별시 종로1.2.3.4가동 종각역"
153,"종로3가","1","130","종로3가역&language=ko",126.991829,37.571633,"서울특별시 종로1.2.3.4가동 종로3가역"
154,"종로5가","1","129","종로5가역&language=ko",127.001921,37.570988,"서울특별시 종로5.6가동 종로5가역"
155,"동대문","1","128","동대문역&language=ko",127.009241,37.57089,"서울특별시 종로5.6가동 동대문역"
156,"신설동","1","126","신설동역&language=ko",127.024484,37.576016,"서울특별시 용신동 신설동역"
157,"제기동","1","125","제기동역&language=ko",127.034895,37.578162,"서울특별시 제기동 제기동역"
159,"동묘앞","1","127","동묘앞역&language=ko",127.015677,37.572258,"서울특별시 창신동 동묘앞역"
201,"시청","2","201","시청역&language=ko",126.9768616,37.5657037,"대한민국 서울특별시 중구 소공동 지하 101 시청역"
202,"을지로입구","2","202","을지로입구역&language=ko",126.982662,37.566056,"서울특별시 명동 을지로입구역"
203,"을지로3가","2","203","을지로3가역&language=ko",126.992617,37.566286,"서울특별시 을지로3가 을지로3가역"
204,"을지로4가","2","204","을지로4가역&language=ko",126.997613,37.566611,"서울특별시 을지로동 을지로4가역"
205,"동대문역사문화공원","2","205","동대문역사문화공원역&language=ko",127.0091532,37.5656369,"대한민국 서울특별시 중구 을지로7가 1 동대문역사문화공원역"
207,"상왕십리","2","207","상왕십리역&language=ko",127.028872,37.5645,"서울특별시 하왕십리동 상왕십리역"
208,"왕십리","2","208","왕십리역&language=ko",127.03726,37.561982,"서울특별시 행당동 왕십리역"
209,"한양대","2","209","한양대역&language=ko",127.043655,37.555619,"서울특별시 행당동 한양대역"
210,"뚝섬","2","210","뚝섬역&language=ko",127.04731,37.54724,"서울특별시 성수동1가 뚝섬역"
212,"건대입구","2","212","건대입구역&language=ko",127.069236,37.540389,"서울특별시 화양동 건대입구역"
213,"구의","2","213","구의역&language=ko",127.086135,37.537145,"서울특별시 자양동 구의역"
214,"강변","2","214","강변역&language=ko",127.094672,37.535144,"서울특별시 구의동 강변역"
215,"잠실나루","2","215","잠실나루역&language=ko",127.103822,37.520661,"서울특별시 신천동 잠실나루역"
217,"신천","2","217","신천역&language=ko",127.085585,37.511624,"서울특별시 잠실동 신천역"
218,"종합운동장","2","218","종합운동장역&language=ko",127.073774,37.511051,"서울특별시 잠실동 종합운동장역"
219,"삼성","2","219","삼성역&language=ko",127.063149,37.508861,"서울특별시 대치동 삼성역"
220,"선릉","2","220","선릉역&language=ko",127.048941,37.504479,"서울특별시 역삼동 선릉역"
222,"강남","2","222","강남역&language=ko",127.027621,37.497942,"서울특별시 역삼1동 강남역"
223,"교대","2","223","교대역&language=ko",129.080029,35.19555,"부산광역시 거제1동 교대역"
224,"서초","2","224","서초역&language=ko",127.007688,37.49184,"서울특별시 서초동 서초역"
225,"방배","2","225","방배역&language=ko",126.997638,37.481512,"서울특별시 방배동 방배역"
226,"사당","2","226","사당역&language=ko",126.981633,37.476559,"대한민국 서울특별시 동작구 사당동 1026-32 사당역"
228,"서울대입구","2","228","서울대입구역&language=ko",126.952712,37.48121,"서울특별시 봉천동 서울대입구역"
229,"봉천","2","229","봉천역&language=ko",126.941574,37.482476,"서울특별시 봉천동 봉천역"
230,"신림","2","230","신림역&language=ko",126.929676,37.484269,"서울특별시 신림동 신림역"
231,"신대방","2","231","신대방역&language=ko",126.913282,37.487519,"서울특별시 신림동 신대방역"
232,"구로디지털단지","2","232","구로디지털단지역&language=ko",126.901472,37.48525,"서울특별시 대림동 구로디지털단지역"
234,"신도림","2","234","신도림역&language=ko",126.891336,37.508562,"서울특별시 구로동 신도림역"
235,"문래","2","235","문래역&language=ko",126.894808,37.517989,"서울특별시 문래동 문래역"
236,"영등포구청","2","236","영등포구청역&language=ko",126.895432,37.524193,"서울특별시 당산동3가 영등포구청역"
237,"당산","2","237","당산역&language=ko",126.90196,37.533875,"서울특별시 당산동6가 당산역"
239,"홍대입구","2","239","홍대입구역&language=ko",126.923774,37.556838,"서울특별시 서교동 홍대입구역"
240,"신촌","2","240","신촌역&language=ko",126.937358,37.555242,"서울특별시 창천동 신촌역"
241,"이대","2","241","이대역&language=ko",126.945857,37.556761,"서울특별시 대흥동 이대역"
242,"아현","2","242","아현역&language=ko",126.956083,37.557382,"서울특별시 북아현동 아현역"
243,"충정로","2","243","충정로역&language=ko",126.962953,37.56037,"서울특별시 충정로3가 충정로역"
244,"용답","2","211-1","용답역&language=ko",127.050835,37.56217,"서울특별시 사근동 용답역"
245,"신답","2","211-2","신답역&language=ko",127.020573,37.516551,"서울특별시 논현1동 신사역"
246,"신설동","2","211-4","신설동역&language=ko",127.024484,37.576016,"서울특별시 용신동 신설동역"
247,"도림천","2","234-1","도림천역&language=ko",126.882624,37.51446,"서울특별시 신도림동 도림천역"
248,"양천구청","2","234-2","양천구청역&language=ko",126.865633,37.512322,"서울특별시 신정동 양천구청역"
249,"신정네거리","2","234-3","신정네거리역&language=ko",126.852796,37.520209,"서울특별시 신정동 신정네거리역"
250,"용두","2","211-3","용두역&language=ko",127.038653,37.573927,"서울특별시 용두동 용두역"
260,"까치산","2","234-4","까치산역&language=ko",126.846507,37.532114,"서울특별시 화곡동 까치산역"
309,"지축","3","319","지축역&language=ko",126.913746,37.648114,"고양시 효자동 지축역"
310,"구파발","3","320","구파발역&language=ko",126.918833,37.636581,"서울특별시 진관동 구파발역"
311,"연신내","3","321","연신내역&language=ko",126.921184,37.619046,"서울특별시 불광2동 연신내역"
312,"불광","3","322","불광역&language=ko",126.930222,37.610069,"서울특별시 불광동 불광역"
313,"녹번","3","323","녹번역&language=ko",126.935761,37.600869,"서울특별시 녹번동 녹번역"
314,"홍제","3","324","홍제역&language=ko",126.944094,37.588792,"서울특별시 홍제3동 홍제역"
315,"무악재","3","325","무악재역&language=ko",NA,NA,NA
316,"독립문","3","326","독립문역&language=ko",126.957918,37.574453,"서울특별시 무악동 독립문역"
318,"안국","3","328","안국역&language=ko",126.985472,37.576556,"서울특별시 가회동 안국역"
319,"종로3가","3","329","종로3가역&language=ko",126.991829,37.571633,"서울특별시 종로1.2.3.4가동 종로3가역"
320,"을지로3가","3","330","을지로3가역&language=ko",126.992617,37.566286,"서울특별시 을지로3가 을지로3가역"
321,"충무로","3","331","충무로역&language=ko",126.993672,37.561603,"서울특별시 필동 충무로역"
322,"동대입구","3","332","동대입구역&language=ko",127.005032,37.559051,"서울특별시 장충동 동대입구역"
324,"금호","3","334","금호역&language=ko",127.015789,37.54826,"서울특별시 금호4가동 금호역"
325,"옥수","3","335","옥수역&language=ko",127.018698,37.540514,"서울특별시 옥수동 옥수역"
326,"압구정","3","336","압구정역&language=ko",127.028487,37.526144,"서울특별시 신사동 압구정역"
327,"신사","3","337","신사역&language=ko",127.020573,37.516551,"서울특별시 논현1동 신사역"
329,"고속터미널","3","339","고속터미널역&language=ko",127.004996,37.50483,"서울특별시 반포4동 고속터미널역"
1275,"일산","K","K326","일산역&language=ko",126.77004,37.681997,"고양시 일산동 일산역"
1276,"탄현","K","K327","탄현역&language=ko",126.761161,37.693882,"고양시 탄현동 탄현역"
1279,"금릉","K","K330","금릉역&language=ko",126.765664,37.751265,"파주시 금촌동 금릉역"
1280,"금촌","K","K331","금촌역&language=ko",126.774515,37.766106,"파주시 금촌1동 금촌역"
1283,"파주","K","K334","파주역&language=ko",126.792426,37.81539,"파주시 파주읍 파주역"
1284,"문산","K","K335","문산역&language=ko",126.787456,37.854425,"파주시 문산읍 문산역"
1291,"서울","A","A01","서울역&language=ko",126.970663,37.554531,"서울특별시 회현동 서울역"
1292,"공덕","A","A02","공덕역&language=ko",126.951957,37.543502,"서울특별시 아현동 공덕역"
1293,"홍대입구","A","A03","홍대입구역&language=ko",126.923774,37.556838,"서울특별시 서교동 홍대입구역"
1308,"광운대","G","P119","광운대역&language=ko",127.061975,37.623635,"서울특별시 월계동 광운대역"
1309,"상봉","G","P120","상봉역&language=ko",127.085721,37.595619,"서울특별시 상봉동 상봉역"
1310,"망우","G","P121","망우역&language=ko",127.092318,37.599288,"서울특별시 상봉동 망우역"
1312,"갈매","G","P123","갈매역&language=ko",127.114803,37.634135,"구리시 갈매동 갈매역"
1313,"별내","G","P124","별내역&language=ko",127.127208,37.64222,"남양주시 별내동 별내역"
1315,"사릉","G","P126","사릉역&language=ko",127.176839,37.651145,"남양주시 진건읍 사릉역"
1316,"금곡","G","P127","금곡역&language=ko",127.207931,37.637414,"남양주시 금곡동 금곡역"
1318,"천마산","G","P129","천마산역&language=ko",127.285374,37.659006,"남양주시 화도읍 천마산역"
1319,"마석","G","P130","마석역&language=ko",127.31168,37.652797,"남양주시 화도읍 마석역"
1321,"청평","G","P132","청평역&language=ko",127.426541,37.735484,"가평군 청평면 청평역"
1322,"상천","G","P133","상천역&language=ko",127.454412,37.770036,"가평군 청평면 상천역"
1324,"굴봉산","G","P135","굴봉산역&language=ko",127.557732,37.832086,"춘천시 남산면 굴봉산역"
1325,"백양리","G","P136","백양리역&language=ko",127.589085,37.830881,"춘천시 남산면 백양리역"
1327,"김유정","G","P138","김유정역&language=ko",127.714302,37.818475,"춘천시 신동면 김유정역"
1328,"남춘천","G","P139","남춘천역&language=ko",127.723761,37.864071,"춘천시 퇴계동 남춘천역"
1402,"쌍용(나사렛대)","1","P171","쌍용(나사렛대)역&language=ko",127.121363,36.793745,"천안시 쌍용2동 쌍용(나사렛대)역"
1403,"아산","1","P172","아산역&language=ko",127.105049,36.792195,"아산시 배방읍 아산역"
1404,"탕정","1","P173","탕정역&language=ko",NA,NA,NA
1406,"풍기","1","P175","풍기역&language=ko",128.524413,36.873856,"영주시 풍기읍 풍기역"
1407,"온양온천","1","P176","온양온천역&language=ko",127.004375,36.780584,"아산시 온양2동 온양온천역"
1408,"신창","1","P177","신창역&language=ko",126.950129,36.769213,"아산시 신창면 신창역"
1951,"원당","3","317","원당역&language=ko",126.843006,37.653328,"고양시 성사동 원당역"
1952,"화정","3","316","화정역&language=ko",126.832645,37.63459,"고양시 화정동 화정역"
1954,"백석","3","314","백석역&language=ko",126.788109,37.642973,"고양시 백석동 백석역"
1955,"마두","3","313","마두역&language=ko",126.777641,37.652185,"고양시 마두동 마두역"
1957,"주엽","3","311","주엽역&language=ko",126.761232,37.670138,"고양시 주엽동 주엽역"
1958,"대화","3","310","대화역&language=ko",126.7477558,37.6758831,"고양시 대화동 대화역"
2511,"방화","5","510","방화역&language=ko",126.812826,37.577622,"서울특별시 방화동 방화역"
2512,"개화산","5","511","개화산역&language=ko",126.806839,37.572455,"서울특별시 방화2동 개화산역"
2513,"김포공항","5","512","김포공항역&language=ko",126.802017,37.561786,"서울특별시 방화동 김포공항역"
2515,"마곡","5","514","마곡역&language=ko",126.824664,37.56025,"서울특별시 가양1동 마곡역"
2516,"발산","5","515","발산역&language=ko",126.837595,37.558683,"서울특별시 가양동 발산역"
2517,"우장산","5","516","우장산역&language=ko",126.836334,37.548783,"서울특별시 내발산동 우장산역"
2518,"화곡","5","517","화곡역&language=ko",126.840436,37.541578,"서울특별시 화곡동 화곡역"
2520,"신정","5","519","신정역&language=ko",126.856164,37.524977,"서울특별시 신정동 신정역"
2521,"목동","5","520","목동역&language=ko",126.864301,37.526072,"서울특별시 신정동 목동역"
2522,"오목교","5","521","오목교역&language=ko",126.87505,37.524553,"서울특별시 목1동 오목교역"
2524,"영등포구청","5","523","영등포구청역&language=ko",126.895432,37.524193,"서울특별시 당산동3가 영등포구청역"
2525,"영등포시장","5","524","영등포시장역&language=ko",126.90491,37.5225878,"서울특별시 영등포동 영등포시장역"
2526,"신길","5","525","신길역&language=ko",126.917743,37.517018,"서울특별시 신길1동 신길역"
2528,"여의나루","5","527","여의나루역&language=ko",126.93281,37.527141,"서울특별시 여의도동 여의나루역"
2529,"마포","5","528","마포역&language=ko",126.94604,37.539705,"서울특별시 도화동 마포역"
2530,"공덕","5","529","공덕역&language=ko",126.951957,37.543502,"서울특별시 아현동 공덕역"
2531,"애오개","5","530","애오개역&language=ko",126.956739,37.55359,"서울특별시 공덕동 애오개역"
2533,"서대문","5","532","서대문역&language=ko",126.96665,37.56577,"서울특별시 충현동 서대문역"
2534,"광화문","5","533","광화문역&language=ko",126.976436,37.571619,"서울특별시 종로1.2.3.4가동 광화문역"
2535,"종로3가","5","534","종로3가역&language=ko",126.991829,37.571633,"서울특별시 종로1.2.3.4가동 종로3가역"
2536,"을지로4가","5","535","을지로4가역&language=ko",126.997613,37.566611,"서울특별시 을지로동 을지로4가역"
2620,"월드컵경기장","6","619","월드컵경기장역&language=ko",126.899058,37.569656,"서울특별시 성산동 월드컵경기장역"
2621,"마포구청","6","620","마포구청역&language=ko",126.903472,37.563418,"서울특별시 성산동 마포구청역"
2622,"망원","6","621","망원역&language=ko",126.91009,37.556059,"서울특별시 서교동 망원역"
2623,"합정","6","622","합정역&language=ko",126.91354,37.54895,"서울특별시 합정동 합정역"
2624,"상수","6","623","상수역&language=ko",126.92296,37.547736,"서울특별시 서강동 상수역"
2626,"대흥","6","625","대흥역&language=ko",126.942332,37.547674,"서울특별시 대흥동 대흥역"
2627,"공덕","6","626","공덕역&language=ko",126.951957,37.543502,"서울특별시 아현동 공덕역"
2628,"효창공원앞","6","627","효창공원앞역&language=ko",126.961339,37.539289,"서울특별시 효창동 효창공원앞역"
2629,"삼각지","6","628","삼각지역&language=ko",126.973948,37.535592,"서울특별시 한강로동 삼각지역"
2631,"이태원","6","630","이태원역&language=ko",126.994579,37.534533,"서울특별시 이태원동 이태원역"
2632,"한강진","6","631","한강진역&language=ko",127.001736,37.539518,"서울특별시 한남동 한강진역"
2633,"버티고개","6","632","버티고개역&language=ko",127.007136,37.54813,"서울특별시 신당동 버티고개역"
2634,"약수","6","633","약수역&language=ko",127.010636,37.55476,"서울특별시 신당동 약수역"
2636,"신당","6","635","신당역&language=ko",127.019468,37.565671,"서울특별시 황학동 신당역"
2637,"동묘앞","6","636","동묘앞역&language=ko",127.015677,37.572258,"서울특별시 창신동 동묘앞역"
2638,"창신","6","637","창신역&language=ko",127.015281,37.579361,"서울특별시 창신동 창신역"
2639,"보문","6","638","보문역&language=ko",127.019391,37.585331,"서울특별시 보문동 보문역"
2641,"고려대","6","640","고려대역&language=ko",127.035859,37.590401,"서울특별시 종암동 고려대역"
2642,"월곡","6","641","월곡역&language=ko",127.04153,37.601925,"서울특별시 월곡2동 월곡역"
2643,"상월곡","6","642","상월곡역&language=ko",127.048862,37.6066,"서울특별시 월곡2동 상월곡역"
2645,"석계","6","644","석계역&language=ko",127.065594,37.615206,"서울특별시 월계동 석계역"
2646,"태릉입구","6","645","태릉입구역&language=ko",127.07533,37.618496,"서울특별시 공릉동 태릉입구역"
2647,"화랑대","6","646","화랑대역&language=ko",127.083598,37.619825,"서울특별시 공릉동 화랑대역"
2711,"장암","7","709","장암역&language=ko",127.052276,37.699655,"의정부시 장암동 장암역"
2712,"도봉산","7","710","도봉산역&language=ko",127.046347,37.689603,"서울특별시 도봉동 도봉산역"
2713,"수락산","7","711","수락산역&language=ko",127.055293,37.677881,"서울특별시 상계동 수락산역"
2714,"마들","7","712","마들역&language=ko",127.057614,37.665375,"서울특별시 상계동 마들역"
2538,"청구","5","537","청구역&language=ko",127.013875,37.560205,"서울특별시 신당동 청구역"
2539,"신금호","5","538","신금호역&language=ko",127.020794,37.554468,"서울특별시 금호동1가 신금호역"
2540,"행당","5","539","행당역&language=ko",127.029637,37.557402,"서울특별시 행당동 행당역"
2541,"왕십리","5","540","왕십리역&language=ko",127.03726,37.561982,"서울특별시 행당동 왕십리역"
2542,"마장","5","541","마장역&language=ko",127.042965,37.566127,"서울특별시 마장동 마장역"
2544,"장한평","5","543","장한평역&language=ko",127.064657,37.561472,"서울특별시 용답동 장한평역"
2545,"군자","5","544","군자역&language=ko",127.079489,37.557157,"서울특별시 능동 군자역"
2546,"아차산","5","545","아차산역&language=ko",127.08963,37.552027,"서울특별시 구의동 아차산역"
2548,"천호","5","547","천호역&language=ko",127.123184,37.538001,"서울특별시 성내동 천호역"
2549,"강동","5","548","강동역&language=ko",127.132187,37.53594,"서울특별시 천호동 강동역"
2550,"길동","5","549","길동역&language=ko",127.139992,37.537769,"서울특별시 길동 길동역"
2552,"명일","5","551","명일역&language=ko",127.144014,37.55131,"서울특별시 명일동 명일역"
2553,"고덕","5","552","고덕역&language=ko",127.15411,37.555051,"서울특별시 고덕동 고덕역"
2554,"상일동","5","553","상일동역&language=ko",127.165431,37.556598,"서울특별시 상일동 상일동역"
2555,"둔촌동","5","P549","둔촌동역&language=ko",127.136231,37.527657,"서울특별시 둔촌동 둔촌동역"
2557,"방이","5","P551","방이역&language=ko",127.12596,37.508559,"서울특별시 방이동 방이역"
2558,"오금","5","P552","오금역&language=ko",127.128608,37.502478,"서울특별시 오금동 오금역"
2559,"개롱","5","P553","개롱역&language=ko",127.13507,37.497968,"서울특별시 가락동 개롱역"
2560,"거여","5","P554","거여역&language=ko",127.143597,37.493422,"서울특별시 거여동 거여역"
2611,"응암","6","610","응암역&language=ko",126.915592,37.598472,"서울특별시 신사동 응암역"
2612,"역촌","6","611","역촌역&language=ko",126.922881,37.606314,"서울특별시 녹번동 역촌"
2613,"불광","6","612","불광역&language=ko",126.930222,37.610069,"서울특별시 불광동 불광역"
2615,"연신내","6","614","연신내역&language=ko",126.921184,37.619046,"서울특별시 불광2동 연신내역"
2616,"구산","6","615","구산역&language=ko",126.917297,37.611324,"서울특별시 대조동 구산역"
2617,"새절","6","616","새절역&language=ko",126.913582,37.591014,"서울특별시 신사동 새절역"
2618,"증산","6","617","증산역&language=ko",126.909686,37.583933,"서울특별시 증산동 증산역"
1452,"대공원","4","437","대공원역&language=ko",127.006474,37.435724,"과천시 문원동 대공원역"
1453,"과천","4","438","과천역&language=ko",126.996404,37.433205,"과천시 별양동 과천역"
1455,"인덕원","4","440","인덕원역&language=ko",126.976818,37.4019,"안양시 관양동 인덕원역"
1456,"평촌","4","441","평촌역&language=ko",126.96388,37.394346,"안양시 관양동 평촌역"
1458,"금정","4","443","금정역&language=ko",126.943407,37.372213,"군포시 금정동 금정역"
1702,"가산디지털단지","1","P142","가산디지털단지역&language=ko",126.882637,37.48143,"서울특별시 가리봉동 가산디지털단지역"
1703,"금천구청","1","P144","금천구청역&language=ko",126.894003,37.455645,"서울특별시 시흥동 금천구청역"
1705,"관악","1","P146","관악역&language=ko",126.908476,37.419578,"안양시 석수동 관악역"
1706,"안양","1","P147","안양역&language=ko",126.921776,37.403051,"대한민국 경기도 안양시 만안구 안양동 만안로 232 안양역"
1708,"금정","1","P149","금정역&language=ko",126.943407,37.372213,"군포시 금정동 금정역"
1709,"군포","1","P150","군포역&language=ko",126.948517,37.353732,"군포시 군포1동 군포역"
1711,"성균관대","1","P153","성균관대역&language=ko",126.97086,37.300344,"수원시 율전동 성균관대역"
1712,"화서","1","P154","화서역&language=ko",126.989581,37.28399,"수원시 화서동 화서역"
1714,"독산","1","P143","독산역&language=ko",126.889342,37.46619,"서울특별시 가산동 독산역"
1715,"세류","1","P156","세류역&language=ko",127.013705,37.244177,"수원시 세류2동 세류역"
1717,"세마","1","P158","세마역&language=ko",127.043279,37.187288,"오산시 세마동 세마역"
1718,"오산대","1","P159","오산대역&language=ko",127.06308,37.169401,"오산시 수청동 오산대역"
1719,"오산","1","P160","오산역&language=ko",127.067125,37.14581,"오산시 오산동 오산역"
1721,"송탄","1","P162","송탄역&language=ko",127.054377,37.075533,"평택시 신장동 송탄역"
1722,"서정리","1","P163","서정리역&language=ko",127.052844,37.056459,"평택시 서정동 서정리역"
1724,"평택","1","P165","평택역&language=ko",127.084981,36.991145,"평택시 원평동 평택역"
1726,"직산","1","P167","직산역&language=ko",127.143774,36.870921,"천안시 직산읍 직산역"
1727,"두정","1","P168","두정역&language=ko",127.148905,36.833791,"천안시 부성동 두정역"
1729,"당정","1","P151","당정역&language=ko",126.948388,37.34338,"군포시 군포1동 당정역"
1749,"서동탄","1","P157-1","서동탄역&language=ko",127.051893,37.195675,"오산시 세마동 서동탄역"
1750,"광명","1","K410","광명역&language=ko",126.884789,37.416522,"광명시 소하2동 광명역"
1751,"산본","4","444","산본역&language=ko",126.932969,37.358019,"군포시 산본동 산본역"
1752,"대야미","4","446","대야미역&language=ko",126.91716,37.328304,"군포시 대야미동 대야미역"
1754,"상록수","4","448","상록수역&language=ko",126.866383,37.302866,"안산시 일동 상록수역"
1756,"중앙","4","450","중앙역&language=ko",126.838532,37.316055,"안산시 고잔동 중앙역"
1757,"고잔","4","451","고잔역&language=ko",126.823094,37.316821,"안산시 고잔동 고잔역"
1759,"안산","4","453","안산역&language=ko",126.788748,37.327006,"안산시 원곡본동 안산역"
1760,"신길온천","4","454","신길온천역&language=ko",126.767306,37.337488,"안산시 원곡본동 신길온천역"
1762,"오이도","4","456","오이도역&language=ko",126.738437,37.361773,"시흥시 정왕동 오이도역"
1763,"수리산","4","445","수리산역&language=ko",126.925537,37.350297,"군포시 산본동 수리산역"
1802,"오류동","1","144","오류동역&language=ko",126.844551,37.4944,"서울특별시 오류2동 오류동역"
1803,"역곡","1","146","역곡역&language=ko",126.811523,37.485127,"부천시 괴안동 역곡"
1805,"송내","1","150","송내역&language=ko",126.753045,37.487626,"부천시 송내1동 송내역"
1806,"부평","1","152","부평역&language=ko",126.723469,37.490473,"인천광역시 부평동 부평역"
1808,"동암","1","154","동암역&language=ko",126.702884,37.470869,"인천광역시 십정동 동암역"
1809,"주안","1","156","주안역&language=ko",126.679954,37.465035,"대한민국 부천시 주안동 주안역"
1810,"제물포","1","158","제물포역&language=ko",126.657165,37.466809,"인천광역시 도화동 제물포역"
1812,"인천","1","161","인천역&language=ko",126.616936,37.476364,"인천광역시 북성동 인천역"
1813,"구일","1","142","구일역&language=ko",126.869599,37.496273,"서울특별시 구로동 구일역"
1814,"소사","1","147","소사역&language=ko",126.795654,37.482755,"부천시 소사동 소사역"
1816,"간석","1","155","간석역&language=ko",126.693408,37.464689,"인천광역시 간석동 간석역"
1817,"도원","1","159","도원역&language=ko",126.642824,37.468604,"인천광역시 숭의동 도원역"
1822,"중동","1","149","중동역&language=ko",126.764474,37.486664,"부천시 상동 중동역"
1823,"도화","1","157","도화역&language=ko",126.668758,37.466109,"인천광역시 도화동 도화역"
1846,"수원","B","K245","수원역&language=ko",127.000223,37.265669,"수원시 매산로1가 수원역"
1847,"서울숲","B","K211","서울숲역&language=ko",127.044686,37.543647,"서울특별시 성수동1가 서울숲역"
1848,"압구정로데오","B","K212","압구정로데오역&language=ko",127.040555,37.527385,"서울특별시 신사동 압구정로데오역"
1850,"선정릉","B","K214","선정릉역&language=ko",127.0443439,37.5105544,"서울특별시 삼성동 선정릉역"
1851,"가천대","B","K223","가천대역&language=ko",127.126677,37.448784,"성남시 태평동 가천대역"
1853,"모란","B","K225","모란역&language=ko",127.129064,37.432124,"성남시 성남동 모란역"
1854,"야탑","B","K226","야탑역&language=ko",127.128661,37.41132,"성남시 야탑동 야탑역"
1856,"수내","B","K229","수내역&language=ko",127.114216,37.378435,"성남시 수내동 수내역"
1857,"정자","B","K230","정자역&language=ko",127.10809,37.366037,"성남시 정자동 정자역"
1859,"오리","B","K232","오리역&language=ko",127.108985,37.339832,"성남시 구미동 오리역"
1860,"이매","B","K227","이매역&language=ko",127.128272,37.395846,"성남시 이매동 이매역"
1862,"죽전","B","K233","죽전역&language=ko",127.107385,37.324575,"용인시 죽전동 죽전역"
1863,"구성","B","K235","구성역&language=ko",127.105664,37.299013,"용인시 마북동 구성역"
1865,"기흥","B","K237","기흥역&language=ko",127.115944,37.275657,"용인시 구갈동 기흥역"
1866,"상갈","B","K238","상갈역&language=ko",127.108718,37.261797,"용인시 상갈동 상갈역"
1868,"영통","B","K240","영통역&language=ko",127.07134,37.251521,"수원시 영통동 영통역"
1869,"망포","B","K241","망포역&language=ko",127.057364,37.245799,"수원시 영통동 망포역"
1871,"수원시청","B","K243","수원시청역&language=ko",127.030736,37.261941,"수원시 인계동 수원시청역"
1872,"매교","B","K244","매교역&language=ko",127.015657,37.265502,"수원시 매교동 매교역"
1879,"월곶","SU","K252","월곶역&language=ko",126.742693,37.391813,"시흥시 군자동 월곶역"
1880,"소래포구","SU","K253","소래포구역&language=ko",126.733533,37.400963,"인천광역시 논현동 소래포구역"
1881,"인천논현","SU","K254","인천논현역&language=ko",126.722495,37.400641,"인천광역시 논현2동 인천논현역"
1883,"남동인더스파크","SU","K256","남동인더스파크역&language=ko",126.695235,37.407772,"인천광역시 논현동 남동인더스파크역"
1884,"원인재","SU","K257","원인재역&language=ko",126.687829,37.41233,"인천광역시 연수2동 원인재역"
1885,"연수","SU","K258","연수역&language=ko",126.678991,37.417769,"인천광역시 연수동 연수역"
1902,"도봉","1","114","도봉역&language=ko",127.045521,37.679441,"서울특별시 도봉동 도봉역"
1903,"도봉산","1","113","도봉산역&language=ko",127.046347,37.689603,"서울특별시 도봉동 도봉산역"
1905,"회룡","1","111","회룡역&language=ko",127.047319,37.724037,"의정부시 호원2동 회룡역"
1906,"의정부","1","110","의정부역&language=ko",127.045998,37.738424,"의정부시 의정부2동 의정부역"
1908,"녹양","1","108","녹양역&language=ko",127.042272,37.759416,"의정부시 녹양동 녹양역"
1909,"양주","1","107","양주역&language=ko",127.044782,37.773956,"양주시 남방동 양주역"
1910,"덕계","1","106","덕계역&language=ko",127.056676,37.81876,"양주시 덕계동 덕계역"
1912,"지행","1","104","지행역&language=ko",127.055734,37.892361,"동두천시 지행동 지행역"
1913,"동두천중앙","1","103","동두천중앙역&language=ko",127.056409,37.901673,"동두천시 생연동 동두천중앙역"
1915,"동두천","1","101","동두천역&language=ko",127.054992,37.926664,"동두천시 동두천동 동두천역"
1916,"소요산","1","100","소요산역&language=ko",127.060681,37.947099,"동두천시 상봉암동 소요산역"
1917,"마전(무정차)","1","759","마전(무정차)역&language=ko",127.9054906,38.8991087,"조선민주주의인민공화국 강원도 역"
1024,"한티","B","k216","한티역&language=ko",127.052883,37.496208,"서울특별시 대치동 한티역"
1026,"구룡","B","k218","구룡역&language=ko",127.059496,37.486985,"서울특별시 개포동 구룡역"
1027,"개포동","B","k219","개포동역&language=ko",127.066502,37.489167,"서울특별시 개포2동 개포동역"
1028,"대모산입구","B","k220","대모산입구역&language=ko",127.072702,37.491347,"서울특별시 일원2동 대모산입구역"
1031,"복정","B","K222","복정역&language=ko",127.126743,37.470997,"서울특별시 장지동 복정역"
1032,"신길","1","138","신길역&language=ko",126.917743,37.517018,"서울특별시 신길1동 신길역"
1200,"회기","K","K118","회기역&language=ko",127.058018,37.58971,"서울특별시 휘경동 회기역"
1201,"중랑","K","K119","중랑역&language=ko",127.076152,37.594948,"서울특별시 중화동 중랑역"
1202,"상봉","K","K120","상봉역&language=ko",127.085721,37.595619,"서울특별시 상봉동 상봉역"
1204,"양원","K","K122","양원역&language=ko",127.108067,37.606639,"서울특별시 망우동 양원역"
1205,"구리","K","K123","구리역&language=ko",127.143738,37.603404,"구리시 인창동 구리역"
1207,"양정","K","K125","양정역&language=ko",129.071356,35.173144,"부산광역시 양정2동 양정역"
1208,"덕소","K","K126","덕소역&language=ko",127.208547,37.587199,"남양주시 와부읍 덕소역"
1210,"팔당","K","K128","팔당역&language=ko",127.243813,37.547376,"남양주시 와부읍 팔당역"
1211,"운길산","K","K129","운길산역&language=ko",127.310089,37.554659,"남양주시 조안면 운길산역"
1213,"신원","K","K131","신원역&language=ko",127.372745,37.52592,"양평군 양서면 신원역"
1215,"아신","K","K133","아신역&language=ko",127.443238,37.513954,"양평군 옥천면 아신역"
1216,"오빈","K","K134","오빈역&language=ko",127.474053,37.50606,"양평군 양평읍 오빈역"
1219,"용문","K","K137","용문역&language=ko",127.594251,37.482085,"양평군 용문면 용문역"
1249,"대곡","K","K322","대곡역&language=ko",126.809568,37.632285,"고양시 능곡동 대곡역"
1252,"신촌(경의중앙선)","K","P312","신촌(경의중앙선)역&language=ko",144.7280867,-37.5791603,"오스트레일리아 3429 victoria, sunbury, 선버리"
1262,"공덕","K","K312","공덕역&language=ko",126.951957,37.543502,"서울특별시 아현동 공덕역"
1263,"서강대","K","K313","서강대역&language=ko",126.935389,37.552132,"서울특별시 신수동 서강대역"
1265,"가좌","K","K315","가좌역&language=ko",126.914841,37.56861,"서울특별시 성산동 가좌역"
1266,"디지털미디어시티","K","K316","디지털미디어시티역&language=ko",126.900473,37.577506,"서울특별시 증산동 디지털미디어시티역"
1268,"화전","K","K318","화전역&language=ko",126.832645,37.63459,"고양시 화정동 화정역"
1270,"행신","K","K320","행신역&language=ko",126.834059,37.611846,"고양시 강매동 행신역"
1272,"곡산","K","K323","곡산역&language=ko",126.8017,37.645892,"고양시 풍산동 곡산역"
1273,"백마","K","K324","백마역&language=ko",126.7944,37.658346,"고양시 마두동 백마역"
4601,"발곡","U","U110","발곡역&language=ko",127.052889,37.726984,"의정부시 신곡동 발곡역"
4602,"회룡","U","U111","회룡역&language=ko",127.047319,37.724037,"의정부시 호원2동 회룡역"
4603,"범골","U","U112","범골역&language=ko",127.043643,37.728788,"의정부시 호원2동 범골역"
4604,"경전철의정부","U","U113","경전철의정부역&language=ko",127.043293,37.737378,"의정부시 의정부동 경전철의정부역"
4605,"의정부시청","U","U114","의정부시청역&language=ko",127.034846,37.739233,"의정부시 의정부동 의정부시청역"
4606,"흥선","U","U115","흥선역&language=ko",127.0371,37.743276,"의정부시 가능동 흥선역"
4607,"의정부중앙","U","U117","의정부중앙역&language=ko",127.049643,37.743676,"의정부시 의정부동 의정부중앙역"
4608,"동오","U","U118","동오역&language=ko",127.056958,37.74526,"의정부시 신곡동 동오역"
4609,"새말","U","U119","새말역&language=ko",127.063764,37.748861,"의정부시 신곡동 새말역"
4611,"효자","U","U121","효자역&language=ko",129.332512,36.007702,"포항시 효자동 효자역"
4612,"곤제","U","U122","곤제역&language=ko",127.083825,37.750526,"의정부시 금오동 곤제역"
4613,"어룡","U","U123","어룡역&language=ko",127.085206,37.742688,"의정부시 용현동 어룡역"
4615,"탑석","U","U125","탑석역&language=ko",127.088908,37.733459,"의정부시 용현동 탑석역"
1217,"양평(경의중앙선)","K","K135","양평(경의중앙선)역&language=ko",127.4875607,37.4912195,"대한민국 경기도 양평군"
1877,"오이도","SU","K250","오이도역&language=ko",126.738437,37.361773,"시흥시 정왕동 오이도역"
1948,"원흥","3","309","원흥역&language=ko",NA,NA,NA
158,"청량리","1","124","청량리역&language=ko",127.048958,37.581381,"서울특별시 전농동 청량리역"
206,"신당","2","206","신당역&language=ko",127.019468,37.565671,"서울특별시 황학동 신당역"
211,"성수","2","211","성수역&language=ko",127.055974,37.544569,"서울특별시 성수동2가 성수역"
216,"잠실","2","216","잠실역&language=ko",127.1011099,37.5132357,"서울특별시 신천동 잠실역"
221,"역삼","2","221","역삼역&language=ko",127.0373932,37.4999072,"대한민국 서울특별시 강남구 역삼동"
227,"낙성대","2","227","낙성대역&language=ko",126.963418,37.477117,"서울특별시 봉천동 낙성대역"
233,"대림","2","233","대림역&language=ko",126.894906,37.493366,"서울특별시 구로동 대림역"
238,"합정","2","238","합정역&language=ko",126.91354,37.54895,"서울특별시 합정동 합정역"
317,"경복궁","3","327","경복궁역&language=ko",126.97358,37.575838,"서울특별시 사직동 경복궁역"
323,"약수","3","333","약수역&language=ko",127.010636,37.55476,"서울특별시 신당동 약수역"
328,"잠원","3","338","잠원역&language=ko",127.011611,37.51296,"서울특별시 잠원동 잠원역"
4210,"청라국제도시","A","A071","청라국제도시역&language=ko",NA,NA,NA
4126,"언주","9","926","언주역&language=ko",75.7873827,21.0457227,"인도 425201 maharashtra, bhusawal, gadkari nagar, gandhi nagar, bus stand rd, 버스 역"
4127,"선정릉","9","927","선정릉역&language=ko",127.0443439,37.5105544,"서울특별시 삼성동 선정릉역"
4128,"삼성중앙","9","928","삼성중앙역&language=ko",126.838532,37.316055,"안산시 고잔동 중앙역"
4129,"봉은사","9","929","봉은사역&language=ko",127.073774,37.511051,"서울특별시 잠실동 종합운동장역"
4130,"종합운동장","9","930","종합운동장역&language=ko",127.073774,37.511051,"서울특별시 잠실동 종합운동장역"
2812,"천호","8","811","천호역&language=ko",127.123184,37.538001,"서울특별시 성내동 천호역"
1005,"대방","1","137","대방역&language=ko",126.926407,37.513392,"서울특별시 신길동 대방역"
1015,"회기","1","123","회기역&language=ko",127.058018,37.58971,"서울특별시 휘경동 회기역"
1019,"광운대","1","119","광운대역&language=ko",127.061975,37.623635,"서울특별시 월계동 광운대역"
1022,"창동","1","116","창동역&language=ko",127.047663,37.65318,"서울특별시 창동 창동역"
1401,"봉명","1","P170","봉명역&language=ko",127.136319,36.801578,"천안시 봉명동 봉명역"
1405,"배방","1","P174","배방역&language=ko",127.052751,36.77754,"아산시 배방읍 배방역"
1701,"구로","1","141","구로역&language=ko",126.882262,37.502906,"서울특별시 구로동 구로역"
1704,"석수","1","P145","석수역&language=ko",126.902233,37.435161,"안양시 석수동 석수역"
1707,"명학","1","P148","명학역&language=ko",126.935579,37.384435,"안양시 안양동 명학역"
1710,"의왕","1","P152","의왕역&language=ko",126.948099,37.320648,"의왕시 부곡동 의왕역"
1713,"수원","1","P155","수원역&language=ko",127.000223,37.265669,"수원시 매산로1가 수원역"
1716,"병점","1","P157","병점역&language=ko",127.037675,37.2002042,"대한민국 경기도 화성시 병점동 527-1 병점역"
1720,"진위","1","P161","진위역&language=ko",127.062342,37.109771,"평택시 진위면 진위역"
1723,"지제","1","P164","지제역&language=ko",127.070269,37.018822,"평택시 세교동 지제역"
1725,"성환","1","P166","성환역&language=ko",127.126936,36.916675,"천안시 성환읍 성환역"
1728,"천안","1","P169","천안역&language=ko",127.146417,36.810238,"천안시 대흥동 천안역"
1801,"개봉","1","143","개봉역&language=ko",126.858504,37.494698,"서울특별시 개봉동 개봉역"
1804,"부천","1","148","부천역&language=ko",126.782787,37.484074,"부천시 심곡동 부천역"
1807,"백운","1","153","백운역&language=ko",126.707179,37.483301,"인천광역시 십정동 백운역"
1811,"동인천","1","160","동인천역&language=ko",126.632598,37.475414,"인천광역시 동인천동 동인천역"
1815,"부개","1","151","부개역&language=ko",126.740549,37.488479,"인천광역시 부개1동 부개역"
1269,"강매","K","K319","강매역&language=ko",78.1560869,9.9441147,"인도 625020 tamil nadu, madurai, 매투타바니 버스 스탠드"
1821,"온수","1","145","온수역&language=ko",126.823399,37.492267,"서울특별시 온수동 온수역"
1901,"방학","1","115","방학역&language=ko",127.044295,37.66747,"서울특별시 방학1동 방학역"
1904,"망월사","1","112","망월사역&language=ko",127.04736,37.710499,"의정부시 호원동 망월사역"
1907,"가능","1","109","가능역&language=ko",127.044251,37.748362,"의정부시 가능1동 가능역"
1911,"덕정","1","105","덕정역&language=ko",127.061511,37.843216,"양주시 덕정동 덕정역"
1914,"보산","1","102","보산역&language=ko",127.057134,37.914268,"동두천시 보산동 보산역"
1950,"삼송","3","318","삼송역&language=ko",126.895559,37.653096,"고양시 신도동 삼송역"
1953,"대곡","3","315","대곡역&language=ko",126.809568,37.632285,"고양시 능곡동 대곡역"
1956,"정발산","3","312","정발산역&language=ko",126.773387,37.659485,"고양시 마두동 정발산역"
412,"창동","4","412","창동역&language=ko",127.047663,37.65318,"서울특별시 창동 창동역"
418,"성신여대입구","4","418","성신여대입구역&language=ko",127.016544,37.59272,"서울특별시 동선동 성신여대입구역"
427,"숙대입구","4","427","숙대입구역&language=ko",126.971987,37.545097,"서울특별시 갈월동 숙대입구역"
433,"사당","4","433","사당역&language=ko",126.981633,37.476559,"대한민국 서울특별시 동작구 사당동 1026-32 사당역"
1450,"선바위","4","435","선바위역&language=ko",127.002164,37.451854,"과천시 과천동 선바위역"
1451,"경마공원","4","436","경마공원역&language=ko",127.007899,37.443987,"과천시 과천동 경마공원역"
1454,"정부과천청사","4","439","정부과천청사역&language=ko",126.989695,37.42653,"과천시 중앙동 정부과천청사역"
1457,"범계","4","442","범계역&language=ko",126.950627,37.389854,"안양시 호계동 범계역"
1753,"반월","4","447","반월역&language=ko",126.903684,37.312244,"안산시 건건동 반월역"
1755,"한대앞","4","449","한대앞역&language=ko",126.853656,37.309685,"안산시 이동 한대앞역"
1758,"초지","4","452","초지역&language=ko",126.806151,37.320583,"안산시 초지동 초지역"
1761,"정왕","4","455","정왕역&language=ko",126.742844,37.351816,"시흥시 정왕동 정왕역"
2514,"송정","5","513","송정역&language=ko",126.812116,37.561189,"서울특별시 공항동 송정역"
2519,"까치산","5","518","까치산역&language=ko",126.846507,37.532114,"서울특별시 화곡동 까치산역"
2523,"양평","5","522","양평역&language=ko",127.492149,37.492778,"양평군 양평읍 양평역"
2715,"노원","7","713","노원역&language=ko",127.060551,37.654527,"서울특별시 상계동 노원역"
2716,"중계","7","714","중계역&language=ko",127.063907,37.645494,"서울특별시 중계2.3동 중계역"
2717,"하계","7","715","하계역&language=ko",127.068213,37.63595,"서울특별시 하계동 하계역"
2718,"공릉","7","716","공릉역&language=ko",127.072894,37.625787,"서울특별시 공릉동 공릉역"
2719,"태릉입구","7","717","태릉입구역&language=ko",127.07533,37.618496,"서울특별시 공릉동 태릉입구역"
2721,"중화","7","719","중화역&language=ko",127.079285,37.602572,"서울특별시 중화동 중화역"
2722,"상봉","7","720","상봉역&language=ko",127.085721,37.595619,"서울특별시 상봉동 상봉역"
2723,"면목","7","721","면목역&language=ko",127.087494,37.588745,"서울특별시 면목동 면목역"
2725,"용마산","7","723","용마산역&language=ko",127.086818,37.573793,"서울특별시 면목동 용마산역"
2726,"중곡","7","724","중곡역&language=ko",127.084086,37.565535,"서울특별시 중곡3동 중곡역"
2727,"군자","7","725","군자역&language=ko",127.079489,37.557157,"서울특별시 능동 군자역"
2729,"건대입구","7","727","건대입구역&language=ko",127.069236,37.540389,"서울특별시 화양동 건대입구역"
2730,"뚝섬유원지","7","728","뚝섬유원지역&language=ko",127.066691,37.531537,"서울특별시 자양동 뚝섬유원지역"
2731,"청담","7","729","청담역&language=ko",127.051937,37.51912,"서울특별시 청담동 청담역"
2732,"강남구청","7","730","강남구청역&language=ko",127.041275,37.517172,"서울특별시 삼성2동 강남구청역"
2734,"논현","7","732","논현역&language=ko",127.021728,37.511206,"서울특별시 논현동 논현역"
2735,"반포","7","733","반포역&language=ko",127.011847,37.508213,"서울특별시 잠원동 반포역"
2736,"고속터미널","7","734","고속터미널역&language=ko",127.004996,37.50483,"서울특별시 반포4동 고속터미널역"
2738,"총신대입구(이수)","7","736","총신대입구(이수)역&language=ko",126.982164,37.486651,"서울특별시 사당2동 총신대입구(이수)역"
2739,"남성","7","737","남성역&language=ko",126.970673,37.484876,"서울특별시 사당동 남성역"
2740,"숭실대입구","7","738","숭실대입구역&language=ko",126.953504,37.496374,"서울특별시 상도동 숭실대입구역"
2742,"장승배기","7","740","장승배기역&language=ko",126.939191,37.504905,"서울특별시 상도동 장승배기역"
2743,"신대방삼거리","7","741","신대방삼거리역&language=ko",126.928189,37.499717,"서울특별시 대방동 신대방삼거리역"
2744,"보라매","7","742","보라매역&language=ko",126.920282,37.499929,"서울특별시 신길동 보라매역"
2746,"대림","7","744","대림역&language=ko",126.894906,37.493366,"서울특별시 구로동 대림역"
2747,"남구로","7","745","남구로역&language=ko",126.887272,37.486087,"서울특별시 구로동 남구로역"
2748,"가산디지털단지","7","746","가산디지털단지역&language=ko",126.882637,37.48143,"서울특별시 가리봉동 가산디지털단지역"
2749,"철산","7","747","철산역&language=ko",126.8682506,37.4759465,"광명시 철산동 철산역"
2750,"광명사거리","7","748","광명사거리역&language=ko",126.854385,37.479413,"광명시 광명동 광명사거리역"
2751,"천왕","7","749","천왕역&language=ko",126.838681,37.486686,"서울특별시 오류동 천왕역"
2752,"온수","7","750","온수역&language=ko",126.823399,37.492267,"서울특별시 온수동 온수역"
2754,"부천종합운동장","7","752","부천종합운동장역&language=ko",126.797498,37.505452,"부천시 춘의동 부천종합운동장역"
2755,"춘의","7","753","춘의역&language=ko",126.787079,37.50371,"부천시 춘의동 춘의역"
2757,"부천시청","7","755","부천시청역&language=ko",126.763602,37.504669,"부천시 중동 부천시청역"
2758,"상동","7","756","상동역&language=ko",126.753147,37.505802,"부천시 상동 상동역"
2759,"삼산체육관","7","757","삼산체육관역&language=ko",126.742024,37.506483,"부천시 상3동 삼산체육관역"
2761,"부평구청","7","759","부평구청역&language=ko",126.72059,37.508708,"인천광역시 청천동 부평구청역"
2811,"암사","8","810","암사역&language=ko",127.127519,37.550148,"서울특별시 암사동 암사역"
2813,"강동구청","8","812","강동구청역&language=ko",127.120535,37.53051,"서울특별시 성내동 강동구청역"
2815,"잠실","8","814","잠실역&language=ko",127.1011099,37.5132357,"서울특별시 신천동 잠실역"
2816,"석촌","8","815","석촌역&language=ko",127.106981,37.505438,"서울특별시 송파동 석촌역"
2817,"송파","8","816","송파역&language=ko",127.112201,37.499739,"서울특별시 가락동 송파역"
2819,"문정","8","818","문정역&language=ko",127.122355,37.485935,"서울특별시 문정동 문정역"
2820,"장지","8","819","장지역&language=ko",127.126175,37.478688,"서울특별시 장지동 장지역"
2821,"복정","8","820","복정역&language=ko",127.126743,37.470997,"서울특별시 장지동 복정역"
2822,"산성","8","821","산성역&language=ko",127.063149,37.508861,"서울특별시 대치동 삼성역"
2824,"단대오거리","8","823","단대오거리역&language=ko",127.156709,37.44505,"성남시 신흥동 단대오거리역"
2825,"신흥","8","824","신흥역&language=ko",127.147493,37.440949,"성남시 신흥동 신흥역"
2827,"모란","8","826","모란역&language=ko",127.129064,37.432124,"성남시 성남동 모란역"
3110,"계양","I","I110","계양역&language=ko",126.736367,37.571747,"인천광역시 귤현동 계양역"
3112,"박촌","I","I112","박촌역&language=ko",126.744978,37.553525,"인천광역시 계양1동 박촌역"
3113,"임학","I","I113","임학역&language=ko",126.738653,37.545075,"인천광역시 임학동 임학역"
3116,"작전","I","I116","작전역&language=ko",126.722516,37.530279,"인천광역시 작전동 작전역"
3117,"갈산","I","I117","갈산역&language=ko",126.721545,37.517056,"인천광역시 갈산1동 갈산역"
3118,"부평구청","I","I118","부평구청역&language=ko",126.72059,37.508708,"인천광역시 청천동 부평구청역"
3120,"부평","I","I120","부평역&language=ko",126.723469,37.490473,"인천광역시 부평동 부평역"
3121,"동수","I","I121","동수역&language=ko",126.718389,37.485401,"인천광역시 부평동 동수역"
3123,"간석오거리","I","I123","간석오거리역&language=ko",126.707882,37.466895,"인천광역시 간석동 간석오거리역"
3124,"인천시청","I","I124","인천시청역&language=ko",126.702205,37.457607,"인천광역시 간석동 인천시청역"
3125,"예술회관","I","I125","예술회관역&language=ko",126.701001,37.4493,"인천광역시 구월1동 예술회관역"
3127,"문학경기장","I","I127","문학경기장역&language=ko",126.69833,37.434947,"인천광역시 선학동 문학경기장역"
3128,"선학","I","I128","선학역&language=ko",126.698915,37.426951,"인천광역시 선학동 선학역"
3129,"신연수","I","I129","신연수역&language=ko",126.694009,37.418049,"인천광역시 연수동 신연수역"
3131,"동춘","I","I131","동춘역&language=ko",126.680942,37.404676,"인천광역시 동춘동 동춘역"
3132,"동막","I","I132","동막역&language=ko",126.673592,37.398122,"인천광역시 동춘2동 동막역"
3134,"테크노파크","I","I134","테크노파크역&language=ko",126.656398,37.382294,"인천광역시 송도동 테크노파크역"
3135,"지식정보단지","I","I135","지식정보단지역&language=ko",126.6563545,37.3824125,"대한민국 인천광역시 연수구 송도동 7-51 지식정보단지역"
3136,"인천대입구","I","I136","인천대입구역&language=ko",126.639404,37.386196,"인천광역시 송도동 인천대입구역"
3138,"국제업무지구","I","I138","국제업무지구역&language=ko",126.630105,37.400421,"인천광역시 송도동 국제업무지구역"
4101,"개화","9","901","개화역&language=ko",126.797391,37.578576,"서울특별시 방화2동 개화역"
4103,"공항시장","9","903","공항시장역&language=ko",126.810695,37.563753,"서울특별시 공항동 공항시장역"
4104,"신방화","9","904","신방화역&language=ko",126.817427,37.567475,"서울특별시 방화동 신방화역"
4105,"마곡나루","9","905","마곡나루역&language=ko",NA,NA,NA
4107,"가양","9","907","가양역&language=ko",126.854244,37.561553,"서울특별시 등촌동 가양역"
4108,"증미","9","908","증미역&language=ko",126.860606,37.558129,"서울특별시 가양동 증미역"
4109,"등촌","9","909","등촌역&language=ko",126.865527,37.550682,"서울특별시 목동 등촌역"
4111,"신목동","9","911","신목동역&language=ko",126.883077,37.544267,"서울특별시 목동 신목동역"
4112,"선유도","9","912","선유도역&language=ko",126.89391,37.537855,"서울특별시 양평2동 선유도역"
4113,"당산","9","913","당산역&language=ko",126.90196,37.533875,"서울특별시 당산동6가 당산역"
4115,"여의도","9","915","여의도역&language=ko",126.924271,37.521724,"서울특별시 여의도동 여의도역"
4116,"샛강","9","916","샛강역&language=ko",126.928873,37.516737,"서울특별시 여의도동 샛강역"
4117,"노량진","9","917","노량진역&language=ko",126.94167,37.514072,"서울특별시 노량진동 노량진역"
4118,"노들","9","918","노들역&language=ko",126.953238,37.512895,"서울특별시 노량진1동 노들역"
4119,"흑석","9","919","흑석역&language=ko",126.963391,37.509167,"서울특별시 흑석동 흑석역"
4120,"동작","9","920","동작역&language=ko",126.980368,37.502816,"서울특별시 사당2동 동작역"
4121,"구반포","9","921","구반포역&language=ko",126.987427,37.501431,"서울특별시 반포동 구반포역"
4122,"신반포","9","922","신반포역&language=ko",126.996017,37.503487,"서울특별시 반포동 신반포역"
4123,"고속터미널","9","923","고속터미널역&language=ko",127.004996,37.50483,"서울특별시 반포4동 고속터미널역"
4124,"사평","9","924","사평역&language=ko",127.014759,37.504448,"서울특별시 반포동 사평역"
4125,"신논현","9","925","신논현역&language=ko",127.02538,37.504724,"서울특별시 논현동 신논현역"
4207,"김포공항","A","A05","김포공항역&language=ko",126.802017,37.561786,"서울특별시 방화동 김포공항역"
4209,"검암","A","A07","검암역&language=ko",126.6736077,37.5692314,"대한민국 인천광역시 서구 검암경서동 검암역"
4211,"운서","A","A08","운서역&language=ko",126.493844,37.492764,"인천광역시 운서동 운서역"
4213,"인천국제공항","A","A10","인천국제공항역&language=ko",126.452498,37.447396,"인천광역시 운서동 인천국제공항역"
4307,"강남","S","D7","강남역&language=ko",127.027621,37.497942,"서울특별시 역삼1동 강남역"
4308,"양재","S","D8","양재역&language=ko",127.034796,37.483665,"서울특별시 양재동 양재역"
4309,"양재시민의숲","S","D9","양재시민의숲역&language=ko",127.038334,37.47001,"서울특별시 양재2동 양재시민의숲역"
4311,"판교","S","D11","판교역&language=ko",126.679768,36.155342,"서천군 판교면 판교역"
4312,"정자","S","D12","정자역&language=ko",127.10809,37.366037,"성남시 정자동 정자역"
4502,"강남대","E","Y111","강남대역&language=ko",NA,NA,NA
4503,"지석","E","Y112","지석역&language=ko",NA,NA,NA
4505,"동백","E","Y114","동백역&language=ko",129.147944,35.16147,"부산광역시 우동 동백역"
4506,"초당","E","Y115","초당역&language=ko",NA,NA,NA
4509,"시청·용인대","E","Y117","시청·용인대역&language=ko",NA,NA,NA
4510,"명지대","E","Y118","명지대역&language=ko",NA,NA,NA
4512,"운동장·송담대","E","Y120","운동장·송담대역&language=ko",NA,NA,NA
4513,"고진","E","Y121","고진역&language=ko",NA,NA,NA
4515,"둔전","E","Y125","둔전역&language=ko",126.9931769,39.4427388,"조선민주주의인민공화국 함경 남도 둔전역"
4517,"전대·에버랜드","E","Y126","전대·에버랜드역&language=ko",NA,NA,NA
1845,"왕십리","B","K210","왕십리역&language=ko",127.03726,37.561982,"서울특별시 행당동 왕십리역"
1849,"강남구청","B","K213","강남구청역&language=ko",127.041275,37.517172,"서울특별시 삼성2동 강남구청역"
1852,"태평","B","K224","태평역&language=ko",127.127746,37.439842,"성남시 수진동 태평역"
1855,"서현","B","K228","서현역&language=ko",127.123249,37.384931,"성남시 서현동 서현역"
1858,"미금","B","K231","미금역&language=ko",127.108952,37.350078,"성남시 금곡동 미금역"
1861,"보정","B","K234","보정역&language=ko",127.108219,37.31274,"용인시 보정동 보정역"
1864,"신갈","B","K236","신갈역&language=ko",127.111311,37.286127,"용인시 신갈동 신갈역"
1867,"청명","B","K239","청명역&language=ko",127.078945,37.259485,"수원시 영통동 청명역"
1870,"매탄권선","B","K242","매탄권선역&language=ko",127.040459,37.252951,"수원시 매탄동 매탄권선역"
1878,"달월","SU","K251","달월역&language=ko",116.6635219,-30.2759943,"오스트레일리아 6609 western australia, dalwallinu, 달월리누"
1882,"호구포","SU","K255","호구포역&language=ko",126.708682,37.401622,"인천광역시 논현동 호구포역"
1886,"송도","SU","K259","송도역&language=ko",126.654485,37.429714,"인천광역시 옥련2동 송도역"
2720,"먹골","7","718","먹골역&language=ko",127.077707,37.61078,"서울특별시 묵동 먹골역"
2724,"사가정","7","722","사가정역&language=ko",127.088503,37.580966,"서울특별시 면목동 사가정역"
2728,"어린이대공원","7","726","어린이대공원역&language=ko",127.074593,37.547905,"서울특별시 군자동 어린이대공원역"
2733,"학동","7","731","학동역&language=ko",127.031593,37.514236,"서울특별시 논현동 학동역"
2737,"내방","7","735","내방역&language=ko",126.993598,37.487707,"서울특별시 방배동 내방역"
2741,"상도","7","739","상도역&language=ko",126.947753,37.503072,"서울특별시 상도1동 상도역"
2745,"신풍","7","743","신풍역&language=ko",126.908969,37.50013,"서울특별시 신길동 신풍역"
2753,"까치울","7","751","까치울역&language=ko",126.81095,37.506237,"부천시 춘의동 까치울역"
2756,"신중동","7","754","신중동역&language=ko",126.77596,37.503052,"부천시 중동 신중동역"
2760,"굴포천","7","758","굴포천역&language=ko",126.73143,37.507001,"인천광역시 갈산동 굴포천역"
2814,"몽촌토성","8","813","몽촌토성역&language=ko",127.11274,37.517641,"서울특별시 신천동 몽촌토성역"
2818,"가락시장","8","817","가락시장역&language=ko",127.118742,37.492467,"서울특별시 가락본동 가락시장역"
2823,"남한산성입구","8","822","남한산성입구역&language=ko",127.159821,37.451541,"성남시 단대동 남한산성입구역"
1277,"야당","K","K328","야당역&language=ko",NA,NA,NA
2527,"여의도","5","526","여의도역&language=ko",126.924271,37.521724,"서울특별시 여의도동 여의도역"
2532,"충정로","5","531","충정로역&language=ko",126.962953,37.56037,"서울특별시 충정로3가 충정로역"
2537,"동대문역사문화공원","5","536","동대문역사문화공원역&language=ko",127.0091532,37.5656369,"대한민국 서울특별시 중구 을지로7가 1 동대문역사문화공원역"
2543,"답십리","5","542","답십리역&language=ko",127.052382,37.567072,"서울특별시 답십리동 답십리역"
2547,"광나루","5","546","광나루역&language=ko",127.103606,37.545332,"서울특별시 광장동 광나루역"
2551,"굽은다리","5","550","굽은다리역&language=ko",127.142906,37.545539,"서울특별시 명일1동 굽은다리역"
2556,"올림픽공원","5","P550","올림픽공원역&language=ko",127.13109,37.516628,"서울특별시 방이동 올림픽공원역"
2561,"마천","5","P555","마천역&language=ko",127.15279,37.49502,"서울특별시 마천동 마천역"
2614,"독바위","6","613","독바위역&language=ko",126.933037,37.618387,"서울특별시 불광동 독바위역"
2619,"디지털미디어시티","6","618","디지털미디어시티역&language=ko",126.900473,37.577506,"서울특별시 증산동 디지털미디어시티역"
2625,"광흥창","6","624","광흥창역&language=ko",126.931855,37.547478,"서울특별시 서강동 광흥창역"
2630,"녹사평","6","629","녹사평역&language=ko",NA,NA,NA
2635,"청구","6","634","청구역&language=ko",127.013875,37.560205,"서울특별시 신당동 청구역"
2640,"안암","6","639","안암역&language=ko",127.029137,37.586296,"서울특별시 안암동 안암역"
2644,"돌곶이","6","643","돌곶이역&language=ko",127.056403,37.610493,"서울특별시 석관동 돌곶이역"
2648,"봉화산","6","647","봉화산역&language=ko",127.0910404,37.6171418,"대한민국 서울특별시 중랑구 신내동 648 봉화산역디아뜨갤러리"
4314,"동천","S","D14","동천역&language=ko",NA,NA,NA
4315,"수지구청","S","D15","수지구청역&language=ko",NA,NA,NA
4316,"성복","S","D16","성복역&language=ko",NA,NA,NA
4317,"상현","S","D17","상현역&language=ko",127.0641355,37.2927642,"대한민국 경기도 수원시 영통구 원천동 동역지하차도"
4318,"광교중앙","S","D18","광교중앙역&language=ko",NA,NA,NA
4319,"광교","S","D19","광교역&language=ko",127.068338,37.28508,"대한민국 경기도 수원시 영통구 하동 418 (주)대원고속"
2826,"수진","8","825","수진역&language=ko",127.140371,37.437245,"성남시 수진동 수진역"
3111,"귤현","I","I111","귤현역&language=ko",126.742573,37.566396,"인천광역시 계양1동 귤현역"
3114,"계산","I","I114","계산역&language=ko",126.728533,37.54326,"인천광역시 계산동 계산역"
3115,"경인교대입구","I","I115","경인교대입구역&language=ko",126.722624,37.538264,"인천광역시 계산동 경인교대입구역"
3119,"부평시장","I","I119","부평시장역&language=ko",126.722261,37.498444,"인천광역시 부평동 부평시장역"
3122,"부평삼거리","I","I122","부평삼거리역&language=ko",126.710462,37.478267,"인천광역시 간석3동 부평삼거리역"
3126,"인천터미널","I","I126","인천터미널역&language=ko",126.699684,37.44184,"인천광역시 관교동 인천터미널역"
3130,"원인재","I","I130","원인재역&language=ko",126.687829,37.41233,"인천광역시 연수2동 원인재역"
3133,"캠퍼스타운","I","I133","캠퍼스타운역&language=ko",126.662071,37.388192,"인천광역시 송도동 캠퍼스타운역"
3137,"센트럴파크","I","I137","센트럴파크역&language=ko",126.63497,37.392807,"인천광역시 송도동 센트럴파크역"
4102,"김포공항","9","902","김포공항역&language=ko",126.802017,37.561786,"서울특별시 방화동 김포공항역"
4106,"양천향교","9","906","양천향교역&language=ko",126.841909,37.568105,"서울특별시 가양1동 양천향교역"
4110,"염창","9","910","염창역&language=ko",126.874839,37.546965,"서울특별시 염창동 염창역"
4114,"국회의사당","9","914","국회의사당역&language=ko",126.917853,37.528128,"서울특별시 여의도동 국회의사당역"
4208,"계양","A","A06","계양역&language=ko",126.736367,37.571747,"인천광역시 귤현동 계양역"
4212,"공항화물청사","A","A09","공항화물청사역&language=ko",126.477492,37.459049,"인천광역시 운서동 공항화물청사역"
4310,"청계산입구","S","D10","청계산입구역&language=ko",127.054726,37.448215,"서울특별시 내곡동 청계산입구역"
4501,"기흥","E","Y110","기흥역&language=ko",127.115944,37.275657,"용인시 구갈동 기흥역"
4504,"어정","E","Y113","어정역&language=ko",NA,NA,NA
4508,"삼가","E","Y116","삼가역&language=ko",NA,NA,NA
4511,"김량장","E","Y119","김량장역&language=ko",NA,NA,NA
4514,"보평","E","Y123","보평역&language=ko",NA,NA,NA
4610,"경기도청북부청사","U","U120","경기도청북부청사역&language=ko",127.071587,37.750765,"의정부시 신곡동 경기도청북부청사역"
4614,"송산","U","U124","송산역&language=ko",127.087205,37.737254,"의정부시 용현동 송산역"
1011,"옥수","K","K114","옥수역&language=ko",127.018698,37.540514,"서울특별시 옥수동 옥수역"
1014,"청량리","K","K117","청량리역&language=ko",127.048958,37.581381,"서울특별시 전농동 청량리역"
1025,"도곡","B","K217","도곡역&language=ko",127.055996,37.491206,"서울특별시 대치동 도곡역"
1030,"수서","B","K221","수서역&language=ko",127.101118,37.487633,"서울특별시 수서동 수서역"
1203,"망우","K","K121","망우역&language=ko",127.092318,37.599288,"서울특별시 상봉동 망우역"
1206,"도농","K","K124","도농역&language=ko",127.161105,37.608756,"남양주시 도농동 도농역"
1209,"도심","K","K127","도심역&language=ko",127.222798,37.579628,"남양주시 와부읍 도심역"
1212,"양수","K","K130","양수역&language=ko",127.328948,37.545998,"양평군 양서면 양수역"
1214,"국수","K","K132","국수역&language=ko",127.399501,37.516196,"양평군 양서면 국수역"
1218,"원덕","K","K136","원덕역&language=ko",127.547468,37.468585,"양평군 양평읍 원덕역"
1251,"서울(경의중앙선)","K","P313","서울(경의중앙선)역&language=ko",126.9779692,37.566535,"대한민국 서울특별시"
1264,"홍대입구","K","K314","홍대입구역&language=ko",126.923774,37.556838,"서울특별시 서교동 홍대입구역"
1267,"수색","K","K317","수색역&language=ko",126.895681,37.580855,"서울특별시 수색동 수색역"
1271,"능곡","K","K321","능곡역&language=ko",126.820845,37.618741,"고양시 토당동 능곡역"
1274,"풍산","K","K325","풍산역&language=ko",126.786355,37.672173,"고양시 풍산동 풍산역"
1278,"운정","K","K329","운정역&language=ko",126.767152,37.725402,"파주시 야당동 운정역"
1282,"월롱","K","K333","월롱역&language=ko",126.792602,37.795549,"파주시 월롱면 월롱역"
1290,"용산","K","K110","용산역&language=ko",126.96347,37.529626,"서울특별시 한강로동 용산역"
1294,"디지털미디어시티","A","A04","디지털미디어시티역&language=ko",126.900473,37.577506,"서울특별시 증산동 디지털미디어시티역"
1311,"신내","G","P122","신내역&language=ko",127.103277,37.612855,"서울특별시 망우동 신내역"
1314,"퇴계원","G","P125","퇴계원역&language=ko",127.143858,37.648316,"남양주시 퇴계원면 퇴계원역"
1317,"평내호평","G","P128","평내호평역&language=ko",127.244452,37.653229,"남양주시 평내동 평내호평역"
1320,"대성리","G","P131","대성리역&language=ko",127.379559,37.684132,"가평군 청평면 대성리역"
1323,"가평","G","P134","가평역&language=ko",127.510693,37.814515,"가평군 가평읍 가평역"
1326,"강촌","G","P137","강촌역&language=ko",127.634054,37.805728,"춘천시 남산면 강촌역"
1329,"춘천","G","P140","춘천역&language=ko",127.716603,37.88439,"춘천시 근화동 춘천역"
